<?xml version="1.0" encoding="UTF-8"?>
<Bucket
   type = "0"
   version = "2.0">
   <Breakpoints>
      <BreakpointProxy
         BreakpointExtensionID = "Xcode.Breakpoint.FileBreakpoint">
         <BreakpointContent
            shouldBeEnabled = "No"
            ignoreCount = "0"
            continueAfterRunningActions = "No"
            filePath = "MeaThrouAR/3Dshapes.swift"
            timestampString = "571769345.0316271"
            startingColumnNumber = "9223372036854775807"
            endingColumnNumber = "9223372036854775807"
            startingLineNumber = "18"
            endingLineNumber = "18"
            landmarkName = "PlanDetection"
            landmarkType = "3">
            <Locations>
               <Location
                  shouldBeEnabled = "No"
                  ignoreCount = "0"
                  continueAfterRunningActions = "No"
                  symbolName = "MeaThrouAR._Dshapes.areaBottunCenter.getter : Swift.Optional&lt;__C.CGPoint&gt;"
                  moduleName = "MeaThrouAR"
                  usesParentBreakpointCondition = "Yes"
                  urlString = "file:///Users/aaaaaaaa/Desktop/MeaThrouAR/MeaThrouAR/3Dshapes.swift"
                  timestampString = "571768518.171661"
                  startingColumnNumber = "9223372036854775807"
                  endingColumnNumber = "9223372036854775807"
                  startingLineNumber = "18"
                  endingLineNumber = "18"
                  offsetFromSymbolStart = "116">
               </Location>
               <Location
                  shouldBeEnabled = "No"
                  ignoreCount = "0"
                  continueAfterRunningActions = "No"
                  symbolName = "MeaThrouAR._Dshapes.areaBottunCenter.setter : Swift.Optional&lt;__C.CGPoint&gt;"
                  moduleName = "MeaThrouAR"
                  usesParentBreakpointCondition = "Yes"
                  urlString = "file:///Users/aaaaaaaa/Desktop/MeaThrouAR/MeaThrouAR/3Dshapes.swift"
                  timestampString = "571768518.173725"
                  startingColumnNumber = "9223372036854775807"
                  endingColumnNumber = "9223372036854775807"
                  startingLineNumber = "18"
                  endingLineNumber = "18"
                  offsetFromSymbolStart = "148">
               </Location>
               <Location
                  shouldBeEnabled = "No"
                  ignoreCount = "0"
                  continueAfterRunningActions = "No"
                  symbolName = "MeaThrouAR._Dshapes.init(nibName: Swift.Optional&lt;Swift.String&gt;, bundle: Swift.Optional&lt;__C.NSBundle&gt;) -&gt; MeaThrouAR._Dshapes"
                  moduleName = "MeaThrouAR"
                  usesParentBreakpointCondition = "Yes"
                  urlString = "file:///Users/aaaaaaaa/Desktop/MeaThrouAR/MeaThrouAR/3Dshapes.swift"
                  timestampString = "571768518.175795"
                  startingColumnNumber = "9223372036854775807"
                  endingColumnNumber = "9223372036854775807"
                  startingLineNumber = "18"
                  endingLineNumber = "18"
                  offsetFromSymbolStart = "436">
               </Location>
               <Location
                  shouldBeEnabled = "No"
                  ignoreCount = "0"
                  continueAfterRunningActions = "No"
                  symbolName = "MeaThrouAR._Dshapes.init(coder: __C.NSCoder) -&gt; Swift.Optional&lt;MeaThrouAR._Dshapes&gt;"
                  moduleName = "MeaThrouAR"
                  usesParentBreakpointCondition = "Yes"
                  urlString = "file:///Users/aaaaaaaa/Desktop/MeaThrouAR/MeaThrouAR/3Dshapes.swift"
                  timestampString = "571768518.177828"
                  startingColumnNumber = "9223372036854775807"
                  endingColumnNumber = "9223372036854775807"
                  startingLineNumber = "18"
                  endingLineNumber = "18"
                  offsetFromSymbolStart = "412">
               </Location>
            </Locations>
         </BreakpointContent>
      </BreakpointProxy>
      <BreakpointProxy
         BreakpointExtensionID = "Xcode.Breakpoint.FileBreakpoint">
         <BreakpointContent
            shouldBeEnabled = "No"
            ignoreCount = "0"
            continueAfterRunningActions = "No"
            filePath = "MeaThrouAR/AppDelegate.swift"
            timestampString = "576099214.864347"
            startingColumnNumber = "9223372036854775807"
            endingColumnNumber = "9223372036854775807"
            startingLineNumber = "22"
            endingLineNumber = "22"
            landmarkName = "application(_:didFinishLaunchingWithOptions:)"
            landmarkType = "7">
         </BreakpointContent>
      </BreakpointProxy>
      <BreakpointProxy
         BreakpointExtensionID = "Xcode.Breakpoint.FileBreakpoint">
         <BreakpointContent
            shouldBeEnabled = "Yes"
            ignoreCount = "0"
            continueAfterRunningActions = "No"
            filePath = "MeaThrouAR/AppDelegate.swift"
            timestampString = "576099214.8644069"
            startingColumnNumber = "9223372036854775807"
            endingColumnNumber = "9223372036854775807"
            startingLineNumber = "29"
            endingLineNumber = "29"
            landmarkName = "applicationWillResignActive(_:)"
            landmarkType = "7">
         </BreakpointContent>
      </BreakpointProxy>
   </Breakpoints>
</Bucket>
