<?xml version="1.0" encoding="UTF-8"?>
<document type="com.apple.InterfaceBuilder3.CocoaTouch.Storyboard.XIB" version="3.0" toolsVersion="14460.31" targetRuntime="iOS.CocoaTouch" propertyAccessControl="none" useAutolayout="YES" useTraitCollections="YES" useSafeAreas="YES" colorMatched="YES" initialViewController="8VB-Xb-S9b">
    <device id="retina5_5" orientation="portrait">
        <adaptation id="fullscreen"/>
    </device>
    <dependencies>
        <deployment identifier="iOS"/>
        <plugIn identifier="com.apple.InterfaceBuilder.IBCocoaTouchPlugin" version="14460.20"/>
        <capability name="Safe area layout guides" minToolsVersion="9.0"/>
        <capability name="documents saved in the Xcode 8 format" minToolsVersion="8.0"/>
    </dependencies>
    <scenes>
        <!--View Controller-->
        <scene sceneID="tXr-a1-R10">
            <objects>
                <viewController id="BV1-FR-VrT" customClass="ViewController" customModule="MeaThrouAR" customModuleProvider="target" sceneMemberID="viewController">
                    <view key="view" contentMode="scaleToFill" id="U0K-SW-4ec">
                        <rect key="frame" x="0.0" y="0.0" width="414" height="736"/>
                        <autoresizingMask key="autoresizingMask" flexibleMaxX="YES" flexibleMaxY="YES"/>
                        <subviews>
                            <arscnView clipsSubviews="YES" multipleTouchEnabled="YES" contentMode="scaleToFill" fixedFrame="YES" translatesAutoresizingMaskIntoConstraints="NO" id="BrB-h1-WRS">
                                <rect key="frame" x="0.0" y="0.0" width="414" height="736"/>
                                <autoresizingMask key="autoresizingMask" flexibleMaxX="YES" flexibleMaxY="YES"/>
                            </arscnView>
                            <button opaque="NO" alpha="0.0" contentMode="scaleToFill" fixedFrame="YES" contentHorizontalAlignment="center" contentVerticalAlignment="center" lineBreakMode="middleTruncation" translatesAutoresizingMaskIntoConstraints="NO" id="afy-Oj-Coa">
                                <rect key="frame" x="326" y="517" width="53" height="59"/>
                                <autoresizingMask key="autoresizingMask" flexibleMaxX="YES" flexibleMaxY="YES"/>
                                <state key="normal" image="area_on"/>
                                <connections>
                                    <segue destination="uq7-Qc-HAV" kind="presentation" modalTransitionStyle="crossDissolve" id="gKN-Zq-wEG"/>
                                </connections>
                            </button>
                            <button opaque="NO" alpha="0.0" contentMode="scaleToFill" fixedFrame="YES" contentHorizontalAlignment="center" contentVerticalAlignment="center" lineBreakMode="middleTruncation" translatesAutoresizingMaskIntoConstraints="NO" id="GuA-Zn-AkK">
                                <rect key="frame" x="326" y="434" width="53" height="59"/>
                                <autoresizingMask key="autoresizingMask" flexibleMaxX="YES" flexibleMaxY="YES"/>
                                <state key="normal" image="wall_on"/>
                                <connections>
                                    <segue destination="PFC-NC-ldl" kind="presentation" modalTransitionStyle="crossDissolve" id="SwZ-tX-jQa"/>
                                </connections>
                            </button>
                            <button opaque="NO" contentMode="scaleToFill" misplaced="YES" contentHorizontalAlignment="center" contentVerticalAlignment="center" lineBreakMode="middleTruncation" translatesAutoresizingMaskIntoConstraints="NO" id="nHW-Pm-Hac">
                                <rect key="frame" x="359" y="20" width="36" height="48"/>
                                <state key="normal" image="add"/>
                                <connections>
                                    <action selector="saveMeasure:" destination="BV1-FR-VrT" eventType="touchUpInside" id="Ooy-gC-9C5"/>
                                </connections>
                            </button>
                            <button opaque="NO" contentMode="scaleToFill" fixedFrame="YES" contentHorizontalAlignment="center" contentVerticalAlignment="center" lineBreakMode="middleTruncation" translatesAutoresizingMaskIntoConstraints="NO" id="CfN-aY-4c0">
                                <rect key="frame" x="326" y="603" width="53" height="59"/>
                                <autoresizingMask key="autoresizingMask" flexibleMaxX="YES" flexibleMaxY="YES"/>
                                <state key="normal" image="ruler_on"/>
                                <connections>
                                    <action selector="lineClicked:" destination="BV1-FR-VrT" eventType="touchUpInside" id="6ze-sa-7Cg"/>
                                </connections>
                            </button>
                            <button opaque="NO" alpha="0.0" contentMode="scaleToFill" fixedFrame="YES" contentHorizontalAlignment="center" contentVerticalAlignment="center" lineBreakMode="middleTruncation" translatesAutoresizingMaskIntoConstraints="NO" id="LGp-cl-P3n">
                                <rect key="frame" x="326" y="340" width="53" height="56"/>
                                <autoresizingMask key="autoresizingMask" flexibleMaxX="YES" flexibleMaxY="YES"/>
                                <state key="normal" title="Button" image="save_on"/>
                                <connections>
                                    <segue destination="9VR-3G-1rh" kind="presentation" modalTransitionStyle="crossDissolve" id="8aD-wt-93q"/>
                                </connections>
                            </button>
                            <button opaque="NO" contentMode="scaleToFill" fixedFrame="YES" contentHorizontalAlignment="center" contentVerticalAlignment="center" lineBreakMode="middleTruncation" translatesAutoresizingMaskIntoConstraints="NO" id="sQk-Jq-SIB">
                                <rect key="frame" x="20" y="20" width="43" height="48"/>
                                <autoresizingMask key="autoresizingMask" flexibleMaxX="YES" flexibleMaxY="YES"/>
                                <state key="normal" image="profile"/>
                                <connections>
                                    <segue destination="BWo-nz-ViT" kind="presentation" id="P4k-2x-3nZ"/>
                                </connections>
                            </button>
                        </subviews>
                        <constraints>
                            <constraint firstItem="nHW-Pm-Hac" firstAttribute="top" secondItem="fQZ-KI-GVf" secondAttribute="top" id="AAc-zT-kWr"/>
                            <constraint firstItem="nHW-Pm-Hac" firstAttribute="leading" secondItem="fQZ-KI-GVf" secondAttribute="leading" constant="326" id="TTq-kH-iyo"/>
                            <constraint firstItem="nHW-Pm-Hac" firstAttribute="trailing" secondItem="U0K-SW-4ec" secondAttribute="trailingMargin" id="dzm-eG-oaW"/>
                        </constraints>
                        <viewLayoutGuide key="safeArea" id="fQZ-KI-GVf"/>
                    </view>
                    <connections>
                        <outlet property="area" destination="afy-Oj-Coa" id="zZm-Tq-mcT"/>
                        <outlet property="line" destination="CfN-aY-4c0" id="ObE-S5-FKF"/>
                        <outlet property="prSave" destination="LGp-cl-P3n" id="qKG-V6-8Gp"/>
                        <outlet property="sceneView" destination="BrB-h1-WRS" id="5nT-qQ-ynl"/>
                        <outlet property="wall" destination="GuA-Zn-AkK" id="RU3-HX-JaD"/>
                    </connections>
                </viewController>
                <placeholder placeholderIdentifier="IBFirstResponder" id="SZV-WD-TEh" sceneMemberID="firstResponder"/>
            </objects>
            <point key="canvasLocation" x="-513.04347826086962" y="114.94565217391305"/>
        </scene>
        <!--Home Page-->
        <scene sceneID="lm3-kw-AGj">
            <objects>
                <viewController id="8VB-Xb-S9b" customClass="HomePage" customModule="MeaThrouAR" customModuleProvider="target" sceneMemberID="viewController">
                    <view key="view" contentMode="scaleToFill" id="phP-5j-SzL">
                        <rect key="frame" x="0.0" y="0.0" width="414" height="736"/>
                        <autoresizingMask key="autoresizingMask" widthSizable="YES" heightSizable="YES"/>
                        <subviews>
                            <textField opaque="NO" contentMode="scaleToFill" contentHorizontalAlignment="left" contentVerticalAlignment="center" borderStyle="roundedRect" textAlignment="natural" minimumFontSize="17" translatesAutoresizingMaskIntoConstraints="NO" id="tiN-53-ua4">
                                <rect key="frame" x="99" y="142" width="216" height="30"/>
                                <nil key="textColor"/>
                                <fontDescription key="fontDescription" type="system" pointSize="14"/>
                                <textInputTraits key="textInputTraits" textContentType="email"/>
                            </textField>
                            <label opaque="NO" userInteractionEnabled="NO" contentMode="left" horizontalHuggingPriority="251" verticalHuggingPriority="251" text="Email" textAlignment="natural" lineBreakMode="tailTruncation" baselineAdjustment="alignBaselines" adjustsFontSizeToFit="NO" translatesAutoresizingMaskIntoConstraints="NO" id="bAL-Tc-r4k">
                                <rect key="frame" x="186" y="113" width="42" height="21"/>
                                <fontDescription key="fontDescription" type="system" pointSize="17"/>
                                <nil key="textColor"/>
                                <nil key="highlightedColor"/>
                            </label>
                            <textField opaque="NO" contentMode="scaleToFill" contentHorizontalAlignment="left" contentVerticalAlignment="center" borderStyle="roundedRect" textAlignment="natural" minimumFontSize="17" translatesAutoresizingMaskIntoConstraints="NO" id="dFg-O0-2Nk">
                                <rect key="frame" x="99" y="240" width="216" height="30"/>
                                <nil key="textColor"/>
                                <fontDescription key="fontDescription" type="system" pointSize="14"/>
                                <textInputTraits key="textInputTraits" secureTextEntry="YES" textContentType="password"/>
                            </textField>
                            <label opaque="NO" userInteractionEnabled="NO" contentMode="left" horizontalHuggingPriority="251" verticalHuggingPriority="251" text="Password" textAlignment="natural" lineBreakMode="tailTruncation" baselineAdjustment="alignBaselines" adjustsFontSizeToFit="NO" translatesAutoresizingMaskIntoConstraints="NO" id="1ix-JO-Oet">
                                <rect key="frame" x="170" y="201" width="74" height="21"/>
                                <fontDescription key="fontDescription" type="system" pointSize="17"/>
                                <nil key="textColor"/>
                                <nil key="highlightedColor"/>
                            </label>
                            <button opaque="NO" contentMode="scaleToFill" contentHorizontalAlignment="center" contentVerticalAlignment="center" buttonType="roundedRect" showsTouchWhenHighlighted="YES" lineBreakMode="middleTruncation" translatesAutoresizingMaskIntoConstraints="NO" id="HdT-Nf-m76">
                                <rect key="frame" x="163" y="307" width="88" height="46"/>
                                <color key="backgroundColor" red="0.0048316368996701199" green="0.7882731541450777" blue="0.17101781431073226" alpha="0.84705882352941175" colorSpace="custom" customColorSpace="sRGB"/>
                                <inset key="contentEdgeInsets" minX="14" minY="14" maxX="14" maxY="14"/>
                                <state key="normal" title="Login">
                                    <color key="titleColor" white="1" alpha="1" colorSpace="custom" customColorSpace="genericGamma22GrayColorSpace"/>
                                </state>
                                <connections>
                                    <action selector="loginClicked:" destination="8VB-Xb-S9b" eventType="touchUpInside" id="Gcx-Cb-sZo"/>
                                </connections>
                            </button>
                            <button opaque="NO" contentMode="scaleToFill" contentHorizontalAlignment="center" contentVerticalAlignment="center" buttonType="roundedRect" lineBreakMode="middleTruncation" translatesAutoresizingMaskIntoConstraints="NO" id="WmX-Vc-905">
                                <rect key="frame" x="137" y="409" width="140" height="30"/>
                                <state key="normal" title="Create new account"/>
                                <connections>
                                    <segue destination="wth-KJ-i0a" kind="presentation" modalTransitionStyle="crossDissolve" id="OUS-A4-kJ7"/>
                                </connections>
                            </button>
                            <label opaque="NO" userInteractionEnabled="NO" contentMode="left" horizontalHuggingPriority="251" verticalHuggingPriority="251" text="or " textAlignment="natural" lineBreakMode="tailTruncation" baselineAdjustment="alignBaselines" adjustsFontSizeToFit="NO" translatesAutoresizingMaskIntoConstraints="NO" id="Vsn-6f-eW4">
                                <rect key="frame" x="197" y="380" width="20" height="21"/>
                                <fontDescription key="fontDescription" type="system" pointSize="17"/>
                                <color key="textColor" white="0.33333333333333331" alpha="1" colorSpace="custom" customColorSpace="genericGamma22GrayColorSpace"/>
                                <nil key="highlightedColor"/>
                            </label>
                        </subviews>
                        <color key="backgroundColor" white="1" alpha="1" colorSpace="custom" customColorSpace="genericGamma22GrayColorSpace"/>
                        <constraints>
                            <constraint firstItem="tiN-53-ua4" firstAttribute="leading" secondItem="dFg-O0-2Nk" secondAttribute="leading" id="1is-Za-VbS"/>
                            <constraint firstItem="tiN-53-ua4" firstAttribute="leading" secondItem="Dq3-6l-15p" secondAttribute="leading" constant="99" id="6Di-fC-uAO"/>
                            <constraint firstItem="Vsn-6f-eW4" firstAttribute="top" secondItem="HdT-Nf-m76" secondAttribute="bottom" constant="27" id="Csl-8L-IqV"/>
                            <constraint firstItem="1ix-JO-Oet" firstAttribute="centerX" secondItem="dFg-O0-2Nk" secondAttribute="centerX" id="GpH-Vi-YYH"/>
                            <constraint firstItem="bAL-Tc-r4k" firstAttribute="centerX" secondItem="tiN-53-ua4" secondAttribute="centerX" id="JzP-Lx-CkD"/>
                            <constraint firstItem="tiN-53-ua4" firstAttribute="top" secondItem="bAL-Tc-r4k" secondAttribute="bottom" constant="8" symbolic="YES" id="QHh-TI-1Ue"/>
                            <constraint firstItem="Vsn-6f-eW4" firstAttribute="centerX" secondItem="WmX-Vc-905" secondAttribute="centerX" id="TaT-yn-OGk"/>
                            <constraint firstItem="1ix-JO-Oet" firstAttribute="top" secondItem="tiN-53-ua4" secondAttribute="bottom" constant="29" id="d0L-d2-t3b"/>
                            <constraint firstItem="bAL-Tc-r4k" firstAttribute="top" secondItem="Dq3-6l-15p" secondAttribute="top" constant="93" id="huj-pQ-fLT"/>
                            <constraint firstItem="bAL-Tc-r4k" firstAttribute="centerX" secondItem="phP-5j-SzL" secondAttribute="centerX" id="kXI-AU-d7q"/>
                            <constraint firstItem="WmX-Vc-905" firstAttribute="top" secondItem="Vsn-6f-eW4" secondAttribute="bottom" constant="8" symbolic="YES" id="kxK-bH-EfA"/>
                            <constraint firstItem="dFg-O0-2Nk" firstAttribute="centerX" secondItem="HdT-Nf-m76" secondAttribute="centerX" id="l2i-UU-Z85"/>
                            <constraint firstItem="dFg-O0-2Nk" firstAttribute="top" secondItem="1ix-JO-Oet" secondAttribute="bottom" constant="18" id="pms-Ja-rPl"/>
                            <constraint firstItem="tiN-53-ua4" firstAttribute="trailing" secondItem="dFg-O0-2Nk" secondAttribute="trailing" id="ukD-nd-Y6L"/>
                            <constraint firstItem="HdT-Nf-m76" firstAttribute="centerX" secondItem="Vsn-6f-eW4" secondAttribute="centerX" id="vPv-bV-fpo"/>
                            <constraint firstItem="HdT-Nf-m76" firstAttribute="leading" secondItem="Dq3-6l-15p" secondAttribute="leading" constant="163" id="wQ8-XF-3Hf"/>
                            <constraint firstItem="HdT-Nf-m76" firstAttribute="top" secondItem="dFg-O0-2Nk" secondAttribute="bottom" constant="37" id="wpR-zy-ZKU"/>
                            <constraint firstItem="bAL-Tc-r4k" firstAttribute="leading" secondItem="Dq3-6l-15p" secondAttribute="leading" constant="186" id="xQs-G5-hVT"/>
                            <constraint firstItem="WmX-Vc-905" firstAttribute="leading" secondItem="Dq3-6l-15p" secondAttribute="leading" constant="137" id="xn5-rN-S6u"/>
                        </constraints>
                        <viewLayoutGuide key="safeArea" id="Dq3-6l-15p"/>
                    </view>
                    <connections>
                        <outlet property="emailLabel" destination="tiN-53-ua4" id="oaD-MU-7eD"/>
                        <outlet property="loginBorder" destination="HdT-Nf-m76" id="YJc-EQ-pc8"/>
                        <outlet property="passLabel" destination="dFg-O0-2Nk" id="lro-PE-LDM"/>
                        <segue destination="BV1-FR-VrT" kind="show" identifier="segue1" id="W46-OL-8fg"/>
                    </connections>
                </viewController>
                <placeholder placeholderIdentifier="IBFirstResponder" id="ojg-vZ-MOg" userLabel="First Responder" sceneMemberID="firstResponder"/>
            </objects>
            <point key="canvasLocation" x="-2562.3188405797105" y="112.50000000000001"/>
        </scene>
        <!--Space-->
        <scene sceneID="bXG-pP-zNe">
            <objects>
                <viewController id="uq7-Qc-HAV" customClass="space" customModule="MeaThrouAR" customModuleProvider="target" sceneMemberID="viewController">
                    <view key="view" contentMode="scaleToFill" id="Fze-AM-eZ2">
                        <rect key="frame" x="0.0" y="0.0" width="414" height="736"/>
                        <autoresizingMask key="autoresizingMask" widthSizable="YES" heightSizable="YES"/>
                        <subviews>
                            <arscnView clipsSubviews="YES" multipleTouchEnabled="YES" contentMode="scaleToFill" fixedFrame="YES" translatesAutoresizingMaskIntoConstraints="NO" id="olw-xl-uQm">
                                <rect key="frame" x="0.0" y="0.0" width="414" height="736"/>
                                <autoresizingMask key="autoresizingMask" flexibleMaxX="YES" flexibleMaxY="YES"/>
                            </arscnView>
                            <button opaque="NO" contentMode="scaleToFill" fixedFrame="YES" contentHorizontalAlignment="center" contentVerticalAlignment="center" lineBreakMode="middleTruncation" translatesAutoresizingMaskIntoConstraints="NO" id="b0m-1U-sHK">
                                <rect key="frame" x="10" y="10" width="43" height="48"/>
                                <autoresizingMask key="autoresizingMask" flexibleMaxX="YES" flexibleMaxY="YES"/>
                                <state key="normal" image="profile"/>
                                <connections>
                                    <segue destination="BWo-nz-ViT" kind="presentation" id="YtD-7P-brS"/>
                                </connections>
                            </button>
                            <button opaque="NO" alpha="0.0" contentMode="scaleToFill" fixedFrame="YES" contentHorizontalAlignment="center" contentVerticalAlignment="center" lineBreakMode="middleTruncation" translatesAutoresizingMaskIntoConstraints="NO" id="MoZ-Lx-NgH">
                                <rect key="frame" x="326" y="517" width="53" height="59"/>
                                <autoresizingMask key="autoresizingMask" flexibleMaxX="YES" flexibleMaxY="YES"/>
                                <state key="normal" image="wall_on"/>
                                <connections>
                                    <segue destination="PFC-NC-ldl" kind="presentation" modalTransitionStyle="crossDissolve" id="mEr-SE-jox"/>
                                </connections>
                            </button>
                            <button opaque="NO" alpha="0.0" contentMode="scaleToFill" fixedFrame="YES" contentHorizontalAlignment="center" contentVerticalAlignment="center" lineBreakMode="middleTruncation" translatesAutoresizingMaskIntoConstraints="NO" id="7Wl-3y-XmK">
                                <rect key="frame" x="326" y="434" width="53" height="59"/>
                                <autoresizingMask key="autoresizingMask" flexibleMaxX="YES" flexibleMaxY="YES"/>
                                <state key="normal" image="ruler_on">
                                    <color key="titleShadowColor" cocoaTouchSystemColor="lightTextColor"/>
                                </state>
                                <connections>
                                    <segue destination="BV1-FR-VrT" kind="presentation" modalTransitionStyle="crossDissolve" id="tzo-e2-aPI"/>
                                </connections>
                            </button>
                            <button opaque="NO" contentMode="scaleToFill" fixedFrame="YES" contentHorizontalAlignment="center" contentVerticalAlignment="center" lineBreakMode="middleTruncation" translatesAutoresizingMaskIntoConstraints="NO" id="zV6-gv-Vxt">
                                <rect key="frame" x="326" y="603" width="53" height="59"/>
                                <autoresizingMask key="autoresizingMask" flexibleMaxX="YES" flexibleMaxY="YES"/>
                                <state key="normal" image="area_on"/>
                                <connections>
                                    <action selector="areaClicked:" destination="uq7-Qc-HAV" eventType="touchUpInside" id="AlU-ON-7Rw"/>
                                </connections>
                            </button>
                            <button opaque="NO" alpha="0.0" contentMode="scaleToFill" fixedFrame="YES" contentHorizontalAlignment="center" contentVerticalAlignment="center" lineBreakMode="middleTruncation" translatesAutoresizingMaskIntoConstraints="NO" id="GWV-IQ-ewd">
                                <rect key="frame" x="326" y="340" width="53" height="59"/>
                                <autoresizingMask key="autoresizingMask" flexibleMaxX="YES" flexibleMaxY="YES"/>
                                <state key="normal" title="Button" image="save_on"/>
                                <connections>
                                    <segue destination="9VR-3G-1rh" kind="presentation" modalTransitionStyle="crossDissolve" id="01B-uj-HaH"/>
                                </connections>
                            </button>
                        </subviews>
                        <viewLayoutGuide key="safeArea" id="Ovv-sj-UuH"/>
                    </view>
                    <connections>
                        <outlet property="area" destination="zV6-gv-Vxt" id="A2v-UO-9p6"/>
                        <outlet property="line" destination="7Wl-3y-XmK" id="Qac-Qy-aha"/>
                        <outlet property="prSave" destination="GWV-IQ-ewd" id="tp8-GA-qYh"/>
                        <outlet property="sceneView" destination="olw-xl-uQm" id="M0f-UE-w0D"/>
                        <outlet property="view" destination="zV6-gv-Vxt" id="Duh-q0-E2I"/>
                        <outlet property="wall" destination="MoZ-Lx-NgH" id="E7Q-LP-fYT"/>
                    </connections>
                </viewController>
                <placeholder placeholderIdentifier="IBFirstResponder" id="baj-DX-eWY" userLabel="First Responder" sceneMemberID="firstResponder"/>
            </objects>
            <point key="canvasLocation" x="505.79710144927537" y="112.50000000000001"/>
        </scene>
        <!--Information-->
        <scene sceneID="34A-EA-aH6">
            <objects>
                <viewController id="BWo-nz-ViT" customClass="information" customModule="MeaThrouAR" customModuleProvider="target" sceneMemberID="viewController">
                    <view key="view" contentMode="scaleToFill" id="Gi4-Oe-6ub">
                        <rect key="frame" x="0.0" y="0.0" width="414" height="736"/>
                        <autoresizingMask key="autoresizingMask" widthSizable="YES" heightSizable="YES"/>
                        <subviews>
                            <label opaque="NO" userInteractionEnabled="NO" contentMode="left" horizontalHuggingPriority="251" verticalHuggingPriority="251" fixedFrame="YES" text="Loading..." textAlignment="natural" lineBreakMode="tailTruncation" baselineAdjustment="alignBaselines" adjustsFontSizeToFit="NO" translatesAutoresizingMaskIntoConstraints="NO" id="uJ1-FJ-6IW">
                                <rect key="frame" x="186" y="324" width="208" height="25"/>
                                <autoresizingMask key="autoresizingMask" flexibleMaxX="YES" flexibleMaxY="YES"/>
                                <fontDescription key="fontDescription" type="system" pointSize="24"/>
                                <nil key="textColor"/>
                                <nil key="highlightedColor"/>
                            </label>
                            <label opaque="NO" userInteractionEnabled="NO" contentMode="left" horizontalHuggingPriority="251" verticalHuggingPriority="251" fixedFrame="YES" text="Loading..." textAlignment="natural" lineBreakMode="tailTruncation" baselineAdjustment="alignBaselines" adjustsFontSizeToFit="NO" translatesAutoresizingMaskIntoConstraints="NO" id="Jur-RQ-uOp">
                                <rect key="frame" x="186" y="427" width="179" height="166"/>
                                <autoresizingMask key="autoresizingMask" flexibleMaxX="YES" flexibleMaxY="YES"/>
                                <fontDescription key="fontDescription" type="system" pointSize="24"/>
                                <nil key="textColor"/>
                                <nil key="highlightedColor"/>
                            </label>
                            <label opaque="NO" userInteractionEnabled="NO" contentMode="left" horizontalHuggingPriority="251" verticalHuggingPriority="251" fixedFrame="YES" text="Last Measure:" textAlignment="natural" lineBreakMode="tailTruncation" baselineAdjustment="alignBaselines" adjustsFontSizeToFit="NO" translatesAutoresizingMaskIntoConstraints="NO" id="vPQ-sY-4Bx">
                                <rect key="frame" x="20" y="326" width="123" height="24"/>
                                <autoresizingMask key="autoresizingMask" flexibleMaxX="YES" flexibleMaxY="YES"/>
                                <fontDescription key="fontDescription" type="system" pointSize="20"/>
                                <nil key="textColor"/>
                                <nil key="highlightedColor"/>
                            </label>
                            <label opaque="NO" userInteractionEnabled="NO" contentMode="left" horizontalHuggingPriority="251" verticalHuggingPriority="251" fixedFrame="YES" text="Description:" textAlignment="natural" lineBreakMode="tailTruncation" baselineAdjustment="alignBaselines" adjustsFontSizeToFit="NO" translatesAutoresizingMaskIntoConstraints="NO" id="uhM-Ju-poo">
                                <rect key="frame" x="20" y="500" width="106" height="24"/>
                                <autoresizingMask key="autoresizingMask" flexibleMaxX="YES" flexibleMaxY="YES"/>
                                <fontDescription key="fontDescription" type="system" pointSize="20"/>
                                <nil key="textColor"/>
                                <nil key="highlightedColor"/>
                            </label>
                            <button opaque="NO" contentMode="scaleToFill" fixedFrame="YES" contentHorizontalAlignment="center" contentVerticalAlignment="center" lineBreakMode="middleTruncation" translatesAutoresizingMaskIntoConstraints="NO" id="I4F-ja-RdU">
                                <rect key="frame" x="20" y="43" width="40" height="40"/>
                                <autoresizingMask key="autoresizingMask" flexibleMaxX="YES" flexibleMaxY="YES"/>
                                <state key="normal" image="back"/>
                                <connections>
                                    <segue destination="BV1-FR-VrT" kind="presentation" id="lUP-m2-NWP"/>
                                </connections>
                            </button>
                        </subviews>
                        <color key="backgroundColor" white="1" alpha="1" colorSpace="custom" customColorSpace="genericGamma22GrayColorSpace"/>
                        <viewLayoutGuide key="safeArea" id="E3J-UC-gJy"/>
                    </view>
                    <connections>
                        <outlet property="descOfMeasure" destination="Jur-RQ-uOp" id="afp-uF-GIx"/>
                        <outlet property="lastMeasure" destination="uJ1-FJ-6IW" id="0Pw-mY-U93"/>
                    </connections>
                </viewController>
                <placeholder placeholderIdentifier="IBFirstResponder" id="Lef-cm-d4b" userLabel="First Responder" sceneMemberID="firstResponder"/>
            </objects>
            <point key="canvasLocation" x="1034.7826086956522" y="-630.16304347826087"/>
        </scene>
        <!--Plan Detection-->
        <scene sceneID="aTb-0z-MU0">
            <objects>
                <viewController id="PFC-NC-ldl" customClass="PlanDetection" customModule="MeaThrouAR" customModuleProvider="target" sceneMemberID="viewController">
                    <view key="view" contentMode="scaleToFill" id="wAz-vh-Xds">
                        <rect key="frame" x="0.0" y="0.0" width="414" height="736"/>
                        <autoresizingMask key="autoresizingMask" widthSizable="YES" heightSizable="YES"/>
                        <subviews>
                            <arscnView clipsSubviews="YES" multipleTouchEnabled="YES" contentMode="scaleToFill" translatesAutoresizingMaskIntoConstraints="NO" id="hiq-aC-Pf8">
                                <rect key="frame" x="0.0" y="0.0" width="414" height="736"/>
                            </arscnView>
                            <button opaque="NO" alpha="0.0" contentMode="scaleToFill" fixedFrame="YES" contentHorizontalAlignment="center" contentVerticalAlignment="center" lineBreakMode="middleTruncation" translatesAutoresizingMaskIntoConstraints="NO" id="8I6-9S-61Q">
                                <rect key="frame" x="326" y="517" width="53" height="59"/>
                                <autoresizingMask key="autoresizingMask" flexibleMaxX="YES" flexibleMaxY="YES"/>
                                <state key="normal" image="ruler_on"/>
                                <connections>
                                    <segue destination="BV1-FR-VrT" kind="presentation" modalTransitionStyle="crossDissolve" id="Het-aU-sJb"/>
                                </connections>
                            </button>
                            <button opaque="NO" alpha="0.0" contentMode="scaleToFill" fixedFrame="YES" contentHorizontalAlignment="center" contentVerticalAlignment="center" lineBreakMode="middleTruncation" translatesAutoresizingMaskIntoConstraints="NO" id="BAC-t0-zyZ">
                                <rect key="frame" x="326" y="434" width="53" height="59"/>
                                <autoresizingMask key="autoresizingMask" flexibleMaxX="YES" flexibleMaxY="YES"/>
                                <state key="normal" image="area_on"/>
                                <connections>
                                    <segue destination="uq7-Qc-HAV" kind="presentation" modalTransitionStyle="crossDissolve" id="MEq-Ib-VN8"/>
                                </connections>
                            </button>
                            <button opaque="NO" contentMode="scaleToFill" fixedFrame="YES" contentHorizontalAlignment="center" contentVerticalAlignment="center" lineBreakMode="middleTruncation" translatesAutoresizingMaskIntoConstraints="NO" id="SMc-cj-rn7">
                                <rect key="frame" x="326" y="603" width="53" height="59"/>
                                <autoresizingMask key="autoresizingMask" flexibleMaxX="YES" flexibleMaxY="YES"/>
                                <state key="normal" image="wall_on"/>
                                <connections>
                                    <action selector="cubeClicked:" destination="PFC-NC-ldl" eventType="touchUpInside" id="Gsx-Xm-Tma"/>
                                </connections>
                            </button>
                            <label opaque="NO" userInteractionEnabled="NO" contentMode="left" horizontalHuggingPriority="251" verticalHuggingPriority="251" misplaced="YES" text="" textAlignment="center" lineBreakMode="tailTruncation" baselineAdjustment="alignBaselines" adjustsFontSizeToFit="NO" translatesAutoresizingMaskIntoConstraints="NO" id="Olm-vh-UQn">
                                <rect key="frame" x="0.0" y="0.0" width="414" height="62"/>
                                <color key="backgroundColor" white="1" alpha="1" colorSpace="custom" customColorSpace="genericGamma22GrayColorSpace"/>
                                <constraints>
                                    <constraint firstAttribute="height" constant="85" id="weq-AF-y1U"/>
                                </constraints>
                                <fontDescription key="fontDescription" type="boldSystem" pointSize="25"/>
                                <nil key="textColor"/>
                                <nil key="highlightedColor"/>
                            </label>
                            <button opaque="NO" alpha="0.0" contentMode="scaleToFill" fixedFrame="YES" contentHorizontalAlignment="center" contentVerticalAlignment="center" lineBreakMode="middleTruncation" translatesAutoresizingMaskIntoConstraints="NO" id="baG-3k-Xq3">
                                <rect key="frame" x="326" y="340" width="53" height="59"/>
                                <autoresizingMask key="autoresizingMask" flexibleMaxX="YES" flexibleMaxY="YES"/>
                                <state key="normal" title="Button" image="save_on"/>
                                <connections>
                                    <segue destination="9VR-3G-1rh" kind="presentation" modalTransitionStyle="crossDissolve" id="vFo-kz-8OK"/>
                                </connections>
                            </button>
                            <textView clipsSubviews="YES" multipleTouchEnabled="YES" contentMode="scaleToFill" fixedFrame="YES" textAlignment="right" translatesAutoresizingMaskIntoConstraints="NO" id="wDo-4m-f72">
                                <rect key="frame" x="0.0" y="70" width="414" height="101"/>
                                <autoresizingMask key="autoresizingMask" flexibleMaxX="YES" flexibleMaxY="YES"/>
                                <color key="backgroundColor" white="1" alpha="1" colorSpace="custom" customColorSpace="genericGamma22GrayColorSpace"/>
                                <string key="text">Basic Gesture Recognition 101 
1
2
3</string>
                                <fontDescription key="fontDescription" type="system" pointSize="14"/>
                                <textInputTraits key="textInputTraits" autocapitalizationType="sentences"/>
                            </textView>
                            <button opaque="NO" contentMode="scaleToFill" fixedFrame="YES" contentHorizontalAlignment="center" contentVerticalAlignment="center" buttonType="roundedRect" lineBreakMode="middleTruncation" translatesAutoresizingMaskIntoConstraints="NO" id="VVK-yX-mEl">
                                <rect key="frame" x="44" y="597" width="94" height="65"/>
                                <autoresizingMask key="autoresizingMask" flexibleMaxX="YES" flexibleMaxY="YES"/>
                                <state key="normal" title="FlashLight"/>
                                <connections>
                                    <action selector="FlashLight:" destination="PFC-NC-ldl" eventType="touchUpInside" id="52L-XH-zgu"/>
                                </connections>
                            </button>
                        </subviews>
                        <constraints>
                            <constraint firstItem="Olm-vh-UQn" firstAttribute="top" secondItem="wAz-vh-Xds" secondAttribute="top" id="7l5-7f-GrM"/>
                            <constraint firstItem="Olm-vh-UQn" firstAttribute="top" secondItem="hiq-aC-Pf8" secondAttribute="top" id="EPB-hZ-ooc"/>
                            <constraint firstItem="hiq-aC-Pf8" firstAttribute="bottom" secondItem="HSh-Sa-sAm" secondAttribute="bottom" id="San-nD-6Fg"/>
                            <constraint firstItem="Olm-vh-UQn" firstAttribute="trailing" secondItem="hiq-aC-Pf8" secondAttribute="trailing" id="a1c-uP-ikm"/>
                            <constraint firstItem="Olm-vh-UQn" firstAttribute="leading" secondItem="wAz-vh-Xds" secondAttribute="leading" id="cRt-a0-yxY"/>
                            <constraint firstItem="Olm-vh-UQn" firstAttribute="leading" secondItem="hiq-aC-Pf8" secondAttribute="leading" id="l6S-jg-3Cv"/>
                            <constraint firstAttribute="trailing" secondItem="Olm-vh-UQn" secondAttribute="trailing" id="m1Y-Sq-mrK"/>
                        </constraints>
                        <viewLayoutGuide key="safeArea" id="HSh-Sa-sAm"/>
                    </view>
                    <connections>
                        <outlet property="Debug" destination="wDo-4m-f72" id="0Al-1h-z4c"/>
                        <outlet property="Text1" destination="Olm-vh-UQn" id="T6R-WT-ukv"/>
                        <outlet property="area" destination="BAC-t0-zyZ" id="528-bV-uLY"/>
                        <outlet property="line" destination="8I6-9S-61Q" id="KN9-Hi-L9p"/>
                        <outlet property="prSave" destination="baG-3k-Xq3" id="hrE-cE-us6"/>
                        <outlet property="sceneView" destination="hiq-aC-Pf8" id="Zbx-3l-PF2"/>
                        <outlet property="wall" destination="SMc-cj-rn7" id="mLx-XL-UMl"/>
                    </connections>
                </viewController>
                <placeholder placeholderIdentifier="IBFirstResponder" id="FN0-qU-uMO" userLabel="First Responder" sceneMemberID="firstResponder"/>
            </objects>
            <point key="canvasLocation" x="1578.2608695652175" y="112.50000000000001"/>
        </scene>
        <!--PersistenceML-->
        <scene sceneID="GZf-xI-lsg">
            <objects>
                <viewController id="9VR-3G-1rh" customClass="PersistenceML" customModule="MeaThrouAR" customModuleProvider="target" sceneMemberID="viewController">
                    <view key="view" contentMode="scaleToFill" id="Nkl-fG-fm7">
                        <rect key="frame" x="0.0" y="0.0" width="414" height="736"/>
                        <autoresizingMask key="autoresizingMask" widthSizable="YES" heightSizable="YES"/>
                        <subviews>
                            <arscnView clipsSubviews="YES" multipleTouchEnabled="YES" contentMode="scaleToFill" fixedFrame="YES" translatesAutoresizingMaskIntoConstraints="NO" id="CIy-P6-oev">
                                <rect key="frame" x="0.0" y="0.0" width="414" height="736"/>
                                <autoresizingMask key="autoresizingMask" flexibleMaxX="YES" flexibleMaxY="YES"/>
                            </arscnView>
                            <label opaque="NO" userInteractionEnabled="NO" contentMode="left" horizontalHuggingPriority="251" verticalHuggingPriority="251" fixedFrame="YES" text="Label" textAlignment="center" lineBreakMode="tailTruncation" baselineAdjustment="alignBaselines" adjustsFontSizeToFit="NO" translatesAutoresizingMaskIntoConstraints="NO" id="gyG-eS-ZMD">
                                <rect key="frame" x="12" y="653" width="374" height="63"/>
                                <autoresizingMask key="autoresizingMask" flexibleMaxX="YES" flexibleMaxY="YES"/>
                                <fontDescription key="fontDescription" type="system" pointSize="17"/>
                                <nil key="textColor"/>
                                <nil key="highlightedColor"/>
                            </label>
                            <textView clipsSubviews="YES" multipleTouchEnabled="YES" contentMode="scaleToFill" fixedFrame="YES" textAlignment="right" translatesAutoresizingMaskIntoConstraints="NO" id="x6j-At-bdx">
                                <rect key="frame" x="0.0" y="34" width="414" height="94"/>
                                <autoresizingMask key="autoresizingMask" flexibleMaxX="YES" flexibleMaxY="YES"/>
                                <color key="backgroundColor" white="1" alpha="1" colorSpace="custom" customColorSpace="genericGamma22GrayColorSpace"/>
                                <string key="text">Basic Gesture Recognition 101 
1
2
3</string>
                                <fontDescription key="fontDescription" type="system" pointSize="14"/>
                                <textInputTraits key="textInputTraits" autocapitalizationType="sentences"/>
                            </textView>
                            <button opaque="NO" contentMode="scaleToFill" fixedFrame="YES" contentHorizontalAlignment="center" contentVerticalAlignment="center" buttonType="roundedRect" lineBreakMode="middleTruncation" translatesAutoresizingMaskIntoConstraints="NO" id="kGE-Xe-DTU">
                                <rect key="frame" x="246" y="573" width="71" height="60"/>
                                <autoresizingMask key="autoresizingMask" flexibleMaxX="YES" flexibleMaxY="YES"/>
                                <state key="normal" title="Reset "/>
                                <connections>
                                    <action selector="Reset:" destination="9VR-3G-1rh" eventType="touchUpInside" id="hgk-H0-Alq"/>
                                </connections>
                            </button>
                            <button opaque="NO" contentMode="scaleToFill" fixedFrame="YES" contentHorizontalAlignment="center" contentVerticalAlignment="center" buttonType="roundedRect" lineBreakMode="middleTruncation" translatesAutoresizingMaskIntoConstraints="NO" id="b4f-Wr-7sb">
                                <rect key="frame" x="48" y="570" width="79" height="58"/>
                                <autoresizingMask key="autoresizingMask" flexibleMaxX="YES" flexibleMaxY="YES"/>
                                <state key="normal" title="Load"/>
                                <connections>
                                    <action selector="Load:" destination="9VR-3G-1rh" eventType="touchUpInside" id="4MF-VU-450"/>
                                </connections>
                            </button>
                            <button opaque="NO" alpha="0.0" contentMode="scaleToFill" fixedFrame="YES" contentHorizontalAlignment="center" contentVerticalAlignment="center" lineBreakMode="middleTruncation" translatesAutoresizingMaskIntoConstraints="NO" id="vQa-11-SJ8">
                                <rect key="frame" x="326" y="517" width="53" height="59"/>
                                <autoresizingMask key="autoresizingMask" flexibleMaxX="YES" flexibleMaxY="YES"/>
                                <state key="normal" image="ruler_on"/>
                                <connections>
                                    <segue destination="BV1-FR-VrT" kind="presentation" modalTransitionStyle="crossDissolve" id="qin-v1-lzs"/>
                                </connections>
                            </button>
                            <button opaque="NO" alpha="0.0" contentMode="scaleToFill" fixedFrame="YES" contentHorizontalAlignment="center" contentVerticalAlignment="center" lineBreakMode="middleTruncation" translatesAutoresizingMaskIntoConstraints="NO" id="pPE-jL-rjT">
                                <rect key="frame" x="326" y="434" width="53" height="59"/>
                                <autoresizingMask key="autoresizingMask" flexibleMaxX="YES" flexibleMaxY="YES"/>
                                <state key="normal" image="area_on"/>
                            </button>
                            <button opaque="NO" alpha="0.0" contentMode="scaleToFill" fixedFrame="YES" contentHorizontalAlignment="center" contentVerticalAlignment="center" lineBreakMode="middleTruncation" translatesAutoresizingMaskIntoConstraints="NO" id="ve7-jw-mcc">
                                <rect key="frame" x="326" y="340" width="53" height="59"/>
                                <autoresizingMask key="autoresizingMask" flexibleMaxX="YES" flexibleMaxY="YES"/>
                                <state key="normal" image="wall_on"/>
                                <connections>
                                    <action selector="cubeClicked:" destination="PFC-NC-ldl" eventType="touchUpInside" id="NRb-JU-Wyq"/>
                                    <segue destination="PFC-NC-ldl" kind="presentation" modalTransitionStyle="crossDissolve" id="FgW-Z8-mi1"/>
                                </connections>
                            </button>
                            <button opaque="NO" contentMode="scaleToFill" fixedFrame="YES" contentHorizontalAlignment="center" contentVerticalAlignment="center" lineBreakMode="middleTruncation" translatesAutoresizingMaskIntoConstraints="NO" id="l0f-06-FKD">
                                <rect key="frame" x="326" y="603" width="53" height="59"/>
                                <autoresizingMask key="autoresizingMask" flexibleMaxX="YES" flexibleMaxY="YES"/>
                                <state key="normal" title="Button" image="save_on"/>
                                <connections>
                                    <action selector="prSaveClicked:" destination="9VR-3G-1rh" eventType="touchUpInside" id="EkZ-vr-Ekh"/>
                                </connections>
                            </button>
                        </subviews>
                        <viewLayoutGuide key="safeArea" id="HEo-UL-4Y5"/>
                    </view>
                    <connections>
                        <outlet property="Debug" destination="x6j-At-bdx" id="Nry-y4-iZv"/>
                        <outlet property="Label" destination="gyG-eS-ZMD" id="nht-uZ-a1h"/>
                        <outlet property="area" destination="pPE-jL-rjT" id="2dy-lU-mAG"/>
                        <outlet property="line" destination="vQa-11-SJ8" id="vKE-zp-nip"/>
                        <outlet property="prSave" destination="l0f-06-FKD" id="J1D-eY-X4Z"/>
                        <outlet property="sceneView" destination="CIy-P6-oev" id="Xk5-1X-Jjb"/>
                        <outlet property="wall" destination="ve7-jw-mcc" id="gY4-Dw-6rA"/>
                    </connections>
                </viewController>
                <placeholder placeholderIdentifier="IBFirstResponder" id="xKx-nZ-bRF" userLabel="First Responder" sceneMemberID="firstResponder"/>
            </objects>
            <point key="canvasLocation" x="2460.8695652173915" y="110.86956521739131"/>
        </scene>
        <!--Sign Up-->
        <scene sceneID="eSE-PY-HKK">
            <objects>
                <viewController id="wth-KJ-i0a" customClass="SignUp" customModule="MeaThrouAR" customModuleProvider="target" sceneMemberID="viewController">
                    <view key="view" contentMode="scaleToFill" id="Vgd-fm-U9s">
                        <rect key="frame" x="0.0" y="0.0" width="414" height="736"/>
                        <autoresizingMask key="autoresizingMask" widthSizable="YES" heightSizable="YES"/>
                        <subviews>
                            <textField opaque="NO" contentMode="scaleToFill" fixedFrame="YES" contentHorizontalAlignment="left" contentVerticalAlignment="center" borderStyle="roundedRect" placeholder="m@a.com" textAlignment="natural" minimumFontSize="17" translatesAutoresizingMaskIntoConstraints="NO" id="1QI-I6-YAU">
                                <rect key="frame" x="100" y="268" width="216" height="30"/>
                                <autoresizingMask key="autoresizingMask" flexibleMaxX="YES" flexibleMaxY="YES"/>
                                <nil key="textColor"/>
                                <fontDescription key="fontDescription" type="system" pointSize="14"/>
                                <textInputTraits key="textInputTraits" textContentType="email"/>
                            </textField>
                            <textField opaque="NO" contentMode="scaleToFill" fixedFrame="YES" contentHorizontalAlignment="left" contentVerticalAlignment="center" borderStyle="roundedRect" textAlignment="natural" minimumFontSize="17" translatesAutoresizingMaskIntoConstraints="NO" id="pPM-je-XXD">
                                <rect key="frame" x="100" y="207" width="216" height="30"/>
                                <autoresizingMask key="autoresizingMask" flexibleMaxX="YES" flexibleMaxY="YES"/>
                                <nil key="textColor"/>
                                <fontDescription key="fontDescription" type="system" pointSize="14"/>
                                <textInputTraits key="textInputTraits" textContentType="name"/>
                            </textField>
                            <label opaque="NO" userInteractionEnabled="NO" contentMode="left" horizontalHuggingPriority="251" verticalHuggingPriority="251" fixedFrame="YES" text="Email" textAlignment="natural" lineBreakMode="tailTruncation" baselineAdjustment="alignBaselines" adjustsFontSizeToFit="NO" translatesAutoresizingMaskIntoConstraints="NO" id="hOG-dS-WKl">
                                <rect key="frame" x="186" y="245" width="42" height="21"/>
                                <autoresizingMask key="autoresizingMask" flexibleMaxX="YES" flexibleMaxY="YES"/>
                                <fontDescription key="fontDescription" type="system" pointSize="17"/>
                                <nil key="textColor"/>
                                <nil key="highlightedColor"/>
                            </label>
                            <label opaque="NO" userInteractionEnabled="NO" contentMode="left" horizontalHuggingPriority="251" verticalHuggingPriority="251" fixedFrame="YES" text="Last Name" textAlignment="natural" lineBreakMode="tailTruncation" baselineAdjustment="alignBaselines" adjustsFontSizeToFit="NO" translatesAutoresizingMaskIntoConstraints="NO" id="eSw-Ps-1mo">
                                <rect key="frame" x="166" y="178" width="82" height="21"/>
                                <autoresizingMask key="autoresizingMask" flexibleMaxX="YES" flexibleMaxY="YES"/>
                                <fontDescription key="fontDescription" type="system" pointSize="17"/>
                                <nil key="textColor"/>
                                <nil key="highlightedColor"/>
                            </label>
                            <textField opaque="NO" contentMode="scaleToFill" fixedFrame="YES" contentHorizontalAlignment="left" contentVerticalAlignment="center" borderStyle="roundedRect" textAlignment="natural" minimumFontSize="17" translatesAutoresizingMaskIntoConstraints="NO" id="Wo4-Nc-29U">
                                <rect key="frame" x="100" y="140" width="216" height="30"/>
                                <autoresizingMask key="autoresizingMask" flexibleMaxX="YES" flexibleMaxY="YES"/>
                                <nil key="textColor"/>
                                <fontDescription key="fontDescription" type="system" pointSize="14"/>
                                <textInputTraits key="textInputTraits" textContentType="name"/>
                            </textField>
                            <label opaque="NO" userInteractionEnabled="NO" contentMode="left" horizontalHuggingPriority="251" verticalHuggingPriority="251" fixedFrame="YES" text="First Name " textAlignment="natural" lineBreakMode="tailTruncation" baselineAdjustment="alignBaselines" adjustsFontSizeToFit="NO" translatesAutoresizingMaskIntoConstraints="NO" id="gbc-rC-qXZ">
                                <rect key="frame" x="163" y="111" width="88" height="21"/>
                                <autoresizingMask key="autoresizingMask" flexibleMaxX="YES" flexibleMaxY="YES"/>
                                <fontDescription key="fontDescription" type="system" pointSize="17"/>
                                <nil key="textColor"/>
                                <nil key="highlightedColor"/>
                            </label>
                            <textField opaque="NO" contentMode="scaleToFill" fixedFrame="YES" contentHorizontalAlignment="left" contentVerticalAlignment="center" borderStyle="roundedRect" textAlignment="natural" minimumFontSize="17" translatesAutoresizingMaskIntoConstraints="NO" id="Bzb-1H-kBI">
                                <rect key="frame" x="100" y="335" width="216" height="30"/>
                                <autoresizingMask key="autoresizingMask" flexibleMaxX="YES" flexibleMaxY="YES"/>
                                <nil key="textColor"/>
                                <fontDescription key="fontDescription" type="system" pointSize="14"/>
                                <textInputTraits key="textInputTraits" secureTextEntry="YES" textContentType="password"/>
                            </textField>
                            <label opaque="NO" userInteractionEnabled="NO" contentMode="left" horizontalHuggingPriority="251" verticalHuggingPriority="251" fixedFrame="YES" text="Password" textAlignment="natural" lineBreakMode="tailTruncation" baselineAdjustment="alignBaselines" adjustsFontSizeToFit="NO" translatesAutoresizingMaskIntoConstraints="NO" id="hG7-h3-Jp7">
                                <rect key="frame" x="163" y="306" width="74" height="21"/>
                                <autoresizingMask key="autoresizingMask" flexibleMaxX="YES" flexibleMaxY="YES"/>
                                <fontDescription key="fontDescription" type="system" pointSize="17"/>
                                <nil key="textColor"/>
                                <nil key="highlightedColor"/>
                            </label>
                            <button opaque="NO" contentMode="scaleToFill" fixedFrame="YES" contentHorizontalAlignment="center" contentVerticalAlignment="center" buttonType="roundedRect" lineBreakMode="middleTruncation" translatesAutoresizingMaskIntoConstraints="NO" id="Qxe-OK-gRT">
                                <rect key="frame" x="159" y="482" width="82" height="48"/>
                                <autoresizingMask key="autoresizingMask" flexibleMaxX="YES" flexibleMaxY="YES"/>
                                <color key="backgroundColor" red="0.15837395191192627" green="0.8189271092414856" blue="0.29601728916168213" alpha="1" colorSpace="custom" customColorSpace="sRGB"/>
                                <inset key="contentEdgeInsets" minX="14" minY="30" maxX="14" maxY="30"/>
                                <state key="normal" title="Sign Up">
                                    <color key="titleColor" white="1" alpha="1" colorSpace="custom" customColorSpace="genericGamma22GrayColorSpace"/>
                                </state>
                                <connections>
                                    <action selector="SignUp:" destination="wth-KJ-i0a" eventType="touchUpInside" id="QKl-6a-7gR"/>
                                </connections>
                            </button>
                            <textField opaque="NO" contentMode="scaleToFill" fixedFrame="YES" contentHorizontalAlignment="left" contentVerticalAlignment="center" borderStyle="roundedRect" textAlignment="natural" minimumFontSize="17" translatesAutoresizingMaskIntoConstraints="NO" id="tdp-hR-P5Y">
                                <rect key="frame" x="99" y="418" width="216" height="30"/>
                                <autoresizingMask key="autoresizingMask" flexibleMaxX="YES" flexibleMaxY="YES"/>
                                <nil key="textColor"/>
                                <fontDescription key="fontDescription" type="system" pointSize="14"/>
                                <textInputTraits key="textInputTraits" secureTextEntry="YES" textContentType="password"/>
                            </textField>
                            <label opaque="NO" userInteractionEnabled="NO" contentMode="left" horizontalHuggingPriority="251" verticalHuggingPriority="251" fixedFrame="YES" text="Confirm Password" textAlignment="natural" lineBreakMode="tailTruncation" baselineAdjustment="alignBaselines" adjustsFontSizeToFit="NO" translatesAutoresizingMaskIntoConstraints="NO" id="xsJ-nC-Gl8">
                                <rect key="frame" x="137" y="379" width="140" height="21"/>
                                <autoresizingMask key="autoresizingMask" flexibleMaxX="YES" flexibleMaxY="YES"/>
                                <fontDescription key="fontDescription" type="system" pointSize="17"/>
                                <nil key="textColor"/>
                                <nil key="highlightedColor"/>
                            </label>
                            <label opaque="NO" userInteractionEnabled="NO" contentMode="left" horizontalHuggingPriority="251" verticalHuggingPriority="251" fixedFrame="YES" text="" textAlignment="natural" lineBreakMode="tailTruncation" baselineAdjustment="alignBaselines" adjustsFontSizeToFit="NO" translatesAutoresizingMaskIntoConstraints="NO" id="pcD-db-9f8">
                                <rect key="frame" x="100" y="67" width="221" height="36"/>
                                <autoresizingMask key="autoresizingMask" flexibleMaxX="YES" flexibleMaxY="YES"/>
                                <fontDescription key="fontDescription" type="system" pointSize="17"/>
                                <color key="textColor" red="0.93596178760000004" green="0.14588902619999999" blue="0.21577271749999999" alpha="1" colorSpace="custom" customColorSpace="sRGB"/>
                                <nil key="highlightedColor"/>
                            </label>
                            <button opaque="NO" contentMode="scaleToFill" fixedFrame="YES" contentHorizontalAlignment="center" contentVerticalAlignment="center" buttonType="roundedRect" lineBreakMode="middleTruncation" translatesAutoresizingMaskIntoConstraints="NO" id="BxP-Rh-pDc">
                                <rect key="frame" x="29" y="41" width="38" height="30"/>
                                <autoresizingMask key="autoresizingMask" flexibleMaxX="YES" flexibleMaxY="YES"/>
                                <state key="normal" title="Login"/>
                                <connections>
                                    <segue destination="8VB-Xb-S9b" kind="presentation" id="0KG-gB-TzM"/>
                                </connections>
                            </button>
                        </subviews>
                        <color key="backgroundColor" white="1" alpha="1" colorSpace="custom" customColorSpace="genericGamma22GrayColorSpace"/>
                        <viewLayoutGuide key="safeArea" id="l68-gm-51d"/>
                    </view>
                    <connections>
                        <outlet property="conPassLabel" destination="tdp-hR-P5Y" id="b1p-c4-qMe"/>
                        <outlet property="emailLabel" destination="1QI-I6-YAU" id="HHa-Xe-A8L"/>
                        <outlet property="errorLabel" destination="pcD-db-9f8" id="RKi-54-efe"/>
                        <outlet property="fNameLabel" destination="Wo4-Nc-29U" id="bVH-5e-PKo"/>
                        <outlet property="lNameLabel" destination="pPM-je-XXD" id="faV-hq-JYI"/>
                        <outlet property="passLabel" destination="Bzb-1H-kBI" id="XWe-Ph-LQE"/>
                        <outlet property="signUpBorder" destination="Qxe-OK-gRT" id="BRF-G6-LmH"/>
                        <segue destination="BV1-FR-VrT" kind="show" identifier="segue2" id="5QR-Fc-N0N"/>
                    </connections>
                </viewController>
                <placeholder placeholderIdentifier="IBFirstResponder" id="i3Y-LA-qE5" userLabel="First Responder" sceneMemberID="firstResponder"/>
            </objects>
            <point key="canvasLocation" x="-1671.0144927536232" y="112.50000000000001"/>
        </scene>
    </scenes>
    <resources>
        <image name="add" width="384" height="384"/>
        <image name="area_on" width="96" height="96"/>
        <image name="back" width="384" height="384"/>
        <image name="profile" width="409.60000610351562" height="409.60000610351562"/>
        <image name="ruler_on" width="96" height="96"/>
        <image name="save_on" width="384" height="384"/>
        <image name="wall_on" width="384" height="384"/>
    </resources>
    <inferredMetricsTieBreakers>
        <segue reference="01B-uj-HaH"/>
        <segue reference="mEr-SE-jox"/>
        <segue reference="YtD-7P-brS"/>
        <segue reference="MEq-Ib-VN8"/>
        <segue reference="5QR-Fc-N0N"/>
    </inferredMetricsTieBreakers>
</document>
