<?xml version="1.0" encoding="UTF-8"?>
<Bucket
   type = "1"
   version = "2.0">
   <Breakpoints>
      <BreakpointProxy
         BreakpointExtensionID = "Xcode.Breakpoint.FileBreakpoint">
         <BreakpointContent
            shouldBeEnabled = "Yes"
            ignoreCount = "0"
            continueAfterRunningActions = "No"
            filePath = "MeasureSpace.swift"
            timestampString = "569370566.788795"
            startingColumnNumber = "9223372036854775807"
            endingColumnNumber = "9223372036854775807"
            startingLineNumber = "12"
            endingLineNumber = "12"
            landmarkName = "unknown"
            landmarkType = "0">
         </BreakpointContent>
      </BreakpointProxy>
      <BreakpointProxy
         BreakpointExtensionID = "Xcode.Breakpoint.FileBreakpoint">
         <BreakpointContent
            shouldBeEnabled = "No"
            ignoreCount = "0"
            continueAfterRunningActions = "No"
            filePath = "MeaThrouAR/ViewController2ViewController.swift"
            timestampString = "569375483.0112799"
            startingColumnNumber = "9223372036854775807"
            endingColumnNumber = "9223372036854775807"
            startingLineNumber = "14"
            endingLineNumber = "14"
            landmarkName = "unknown"
            landmarkType = "0">
         </BreakpointContent>
      </BreakpointProxy>
      <BreakpointProxy
         BreakpointExtensionID = "Xcode.Breakpoint.FileBreakpoint">
         <BreakpointContent
            shouldBeEnabled = "No"
            ignoreCount = "0"
            continueAfterRunningActions = "No"
            filePath = "MeaThrouAR/ViewController2ViewController.swift"
            timestampString = "569375483.011343"
            startingColumnNumber = "9223372036854775807"
            endingColumnNumber = "9223372036854775807"
            startingLineNumber = "15"
            endingLineNumber = "15"
            landmarkName = "unknown"
            landmarkType = "0">
         </BreakpointContent>
      </BreakpointProxy>
      <BreakpointProxy
         BreakpointExtensionID = "Xcode.Breakpoint.FileBreakpoint">
         <BreakpointContent
            shouldBeEnabled = "No"
            ignoreCount = "0"
            continueAfterRunningActions = "No"
            filePath = "MeaThrouAR/ViewController2ViewController.swift"
            timestampString = "569375483.011389"
            startingColumnNumber = "9223372036854775807"
            endingColumnNumber = "9223372036854775807"
            startingLineNumber = "16"
            endingLineNumber = "16"
            landmarkName = "unknown"
            landmarkType = "0">
         </BreakpointContent>
      </BreakpointProxy>
      <BreakpointProxy
         BreakpointExtensionID = "Xcode.Breakpoint.FileBreakpoint">
         <BreakpointContent
            shouldBeEnabled = "No"
            ignoreCount = "0"
            continueAfterRunningActions = "No"
            filePath = "MeaThrouAR/ViewController2ViewController.swift"
            timestampString = "569375483.011447"
            startingColumnNumber = "9223372036854775807"
            endingColumnNumber = "9223372036854775807"
            startingLineNumber = "45"
            endingLineNumber = "45"
            landmarkName = "unknown"
            landmarkType = "0">
         </BreakpointContent>
      </BreakpointProxy>
   </Breakpoints>
</Bucket>
